date,fund,price
2026-02-06,TEST FUND,123.45
2026-03-12,ASN Duurzaam Aandelenfonds,194.88
2026-03-12,ASN Duurzaam Obligatiefonds,25.42
2026-03-12,ASN Milieu & Waterfonds,51.26
2026-03-12,Etappe Euro Aandelen­fonds,60.07
2026-03-12,Etappe Euro Obligatie­fonds,25.67
2026-03-12,Etappe Staatsobligaties 10+ Fonds,21.47
2026-03-12,Euro Aandelen­fonds,58.98
2026-03-12,Euro Mixfonds,38.6
2026-03-12,Euro Obligatiefonds,24.46
2026-03-12,Optimaal Euro Obligatiefonds,24.66
2026-03-12,Optimaal Staatsobligaties 10+ Fonds,21.64
2026-03-12,Optimaal Vastgoedfonds,34.8
2026-03-12,Optimaal Wereld Aandelenfonds,72.25
2026-03-12,Optimaalfonds Oranje,37.45
2026-03-12,PP Euro Aandelenfonds,63.16
2026-03-12,PP Euro Mixfonds,41.6
2026-03-12,PP Euro Obligatiefonds,25.54
2026-03-12,PP Optimaal Euro Mixfonds,40.74
2026-03-12,PP Wereld Aandelenfonds,76.15
2026-03-12,Wereld Beheer Mixfonds,38.59
2026-03-12,Zwitserleven Amerika Aandelenfonds,98.92
2026-03-12,Zwitserleven Credits Fonds,11.41
2026-03-12,Zwitserleven Credits Hypotheken Mixfonds,11.37
2026-03-12,Zwitserleven Duurzaam Wereld Aandelenfonds,36.93
2026-03-12,Zwitserleven Europees Aandelenfonds,37.19
2026-03-12,Zwitserleven Government Bonds 10+ Fonds,8.15
2026-03-12,Zwitserleven Index Aandelenfonds Europa,42.72
2026-03-12,Zwitserleven Index Aandelenfonds Noord-Amerika,49.26
2026-03-12,Zwitserleven Index Aandelenfonds Opkomende Landen,34.33
2026-03-12,Zwitserleven Index Aandelenfonds Pacific,38.04
2026-03-12,Zwitserleven Index Wereld Aandelenfonds,88.64
2026-03-12,Zwitserleven Kortlopend Obligatiefonds,6.06
2026-03-12,Zwitserleven Lifestyle Garantie,168.82
2026-03-12,Zwitserleven Long Duration Fonds,26.58
2026-03-12,Zwitserleven MaatschappijGarantie (2%),41.65
2026-03-12,Zwitserleven MaatschappijGarantie (3%),46.42
2026-03-12,Zwitserleven MaatschappijGarantie plus,53.51
2026-03-12,Zwitserleven Medium Duration Fonds,28.01
2026-03-12,Zwitserleven Mixfonds,58.1
2026-03-12,Zwitserleven Obligatiefonds,17.42
2026-03-12,Zwitserleven PPI Vanguard Inflation Linked Bond Index Fund,50.73
2026-03-12,Zwitserleven PPI Vanguard Small Cap Fund,54.05
2026-03-12,Zwitserleven PPI iShares Government Bond index Fund,50.22
2026-03-12,Zwitserleven PW Collectief Garantiefonds,19.89
2026-03-12,Zwitserleven PW Doorlopend Garantiefonds,13.31
2026-03-12,Zwitserleven PW Europees Beheer Fonds 3%,183.47
2026-03-12,Zwitserleven PW Europees Beheer Fonds 4%,185.35
2026-03-12,Zwitserleven PW Garandement,15.78
2026-03-12,Zwitserleven PW Garantie Plusfonds,17.97
2026-03-12,Zwitserleven PW Garantiefonds,13.2
2026-03-12,Zwitserleven PW Safetyfonds,110.03
2026-03-12,Zwitserleven PW Vastrentendfonds,19.38
2026-03-12,Zwitserleven PW Vastrentendfonds Nederland 3%,19.84
2026-03-12,Zwitserleven PW Vastrentendfonds Nederland 4%,19.84
2026-03-12,Zwitserleven PW Verzekerd Rendementfonds,14.82
2026-03-12,Zwitserleven PW Wereldbeheerfonds 3%,137.72
2026-03-12,Zwitserleven PW Wereldbeheerfonds 4%,138.95
2026-03-12,Zwitserleven RZL Amerika Aandelenfonds,90.2
2026-03-12,Zwitserleven RZL Azië Aandelenfonds,48.54
2026-03-12,Zwitserleven RZL Euro Kortlopend Obligatiefonds,19.97
2026-03-12,Zwitserleven RZL Euro Mixfonds,43.75
2026-03-12,Zwitserleven RZL Euro Obligatiefonds,26.46
2026-03-12,Zwitserleven RZL Europa Aandelenfonds,56.3
2026-03-12,Zwitserleven RZL Vastgoedfonds,46.01
2026-03-12,Zwitserleven RZL Wereld Aandelenfonds,61.01
2026-03-12,Zwitserleven RendementsGarantie 1%,23.14
2026-03-12,Zwitserleven RendementsGarantie 2%,26.28
2026-03-12,Zwitserleven Selectie Fonds,40.37
2026-03-12,Zwitserleven Ultra Long Duration Fonds,23.13
2026-03-12,Zwitserleven VP Credits Hypothekenmix,9.98
2026-03-12,Zwitserleven VP Obligatie,8.79
2026-03-12,Zwitserleven VP Selectie,10.3
2026-03-12,Zwitserleven VP Wereld Aandelen,13.43
2026-03-12,Zwitserleven Vanguard Inflation Linked Bond Index Fund,25.34
2026-03-12,Zwitserleven Vanguard Small Cap Fund,26.95
2026-03-12,Zwitserleven Vastgoedfonds,25.11
2026-03-12,Zwitserleven Wereld Aandelenfonds,86.15
2026-03-12,Zwitser­leven Geldmarkt­fonds,25.24
2026-03-12,Zwitser­leven PPI Geldmarkt­fonds,50.47
2026-03-12,Zwitser­leven PPI Vanguard US 500 Stock Index Fund,49.97
2026-03-12,Zwitser­leven Vanguard US 500 Stock Index Fund,24.99
2026-03-13,ASN Duurzaam Aandelenfonds,192.43
2026-03-13,ASN Duurzaam Obligatiefonds,25.38
2026-03-13,ASN Milieu & Waterfonds,51.05
2026-03-13,Etappe Euro Aandelen­fonds,59.72
2026-03-13,Etappe Euro Obligatie­fonds,25.62
2026-03-13,Etappe Staatsobligaties 10+ Fonds,21.39
2026-03-13,Euro Aandelen­fonds,58.63
2026-03-13,Euro Mixfonds,38.45
2026-03-13,Euro Obligatiefonds,24.42
2026-03-13,Optimaal Euro Obligatiefonds,24.62
2026-03-13,Optimaal Staatsobligaties 10+ Fonds,21.56
2026-03-13,Optimaal Vastgoedfonds,34.59
2026-03-13,Optimaal Wereld Aandelenfonds,71.47
2026-03-13,Optimaalfonds Oranje,37.24
2026-03-13,PP Euro Aandelenfonds,62.79
2026-03-13,PP Euro Mixfonds,41.44
2026-03-13,PP Euro Obligatiefonds,25.5
2026-03-13,PP Optimaal Euro Mixfonds,40.58
2026-03-13,PP Wereld Aandelenfonds,75.33
2026-03-13,Wereld Beheer Mixfonds,38.37
2026-03-13,Zwitserleven Amerika Aandelenfonds,97.57
2026-03-13,Zwitserleven Credits Fonds,11.39
2026-03-13,Zwitserleven Credits Hypotheken Mixfonds,11.36
2026-03-13,Zwitserleven Duurzaam Wereld Aandelenfonds,36.48
2026-03-13,Zwitserleven Europees Aandelenfonds,36.88
2026-03-13,Zwitserleven Government Bonds 10+ Fonds,8.11
2026-03-13,Zwitserleven Index Aandelenfonds Europa,42.44
2026-03-13,Zwitserleven Index Aandelenfonds Noord-Amerika,48.6
2026-03-13,Zwitserleven Index Aandelenfonds Opkomende Landen,33.91
2026-03-13,Zwitserleven Index Aandelenfonds Pacific,37.88
2026-03-13,Zwitserleven Index Wereld Aandelenfonds,87.81
2026-03-13,Zwitserleven Kortlopend Obligatiefonds,6.06
2026-03-13,Zwitserleven Lifestyle Garantie,168.83
2026-03-13,Zwitserleven Long Duration Fonds,26.45
2026-03-13,Zwitserleven MaatschappijGarantie (2%),41.65
2026-03-13,Zwitserleven MaatschappijGarantie (3%),46.42
2026-03-13,Zwitserleven MaatschappijGarantie plus,53.52
2026-03-13,Zwitserleven Medium Duration Fonds,27.96
2026-03-13,Zwitserleven Mixfonds,57.88
2026-03-13,Zwitserleven Obligatiefonds,17.39
2026-03-13,Zwitserleven PPI Vanguard Inflation Linked Bond Index Fund,50.86
2026-03-13,Zwitserleven PPI Vanguard Small Cap Fund,53.21
2026-03-13,Zwitserleven PPI iShares Government Bond index Fund,49.87
2026-03-13,Zwitserleven PW Collectief Garantiefonds,19.84
2026-03-13,Zwitserleven PW Doorlopend Garantiefonds,13.29
2026-03-13,Zwitserleven PW Europees Beheer Fonds 3%,182.76
2026-03-13,Zwitserleven PW Europees Beheer Fonds 4%,184.64
2026-03-13,Zwitserleven PW Garandement,15.75
2026-03-13,Zwitserleven PW Garantie Plusfonds,17.92
2026-03-13,Zwitserleven PW Garantiefonds,13.17
2026-03-13,Zwitserleven PW Safetyfonds,109.68
2026-03-13,Zwitserleven PW Vastrentendfonds,19.34
2026-03-13,Zwitserleven PW Vastrentendfonds Nederland 3%,19.81
2026-03-13,Zwitserleven PW Vastrentendfonds Nederland 4%,19.81
2026-03-13,Zwitserleven PW Verzekerd Rendementfonds,14.78
2026-03-13,Zwitserleven PW Wereldbeheerfonds 3%,136.94
2026-03-13,Zwitserleven PW Wereldbeheerfonds 4%,138.16
2026-03-13,Zwitserleven RZL Amerika Aandelenfonds,89.03
2026-03-13,Zwitserleven RZL Azië Aandelenfonds,48.0
2026-03-13,Zwitserleven RZL Euro Kortlopend Obligatiefonds,19.96
2026-03-13,Zwitserleven RZL Euro Mixfonds,43.58
2026-03-13,Zwitserleven RZL Euro Obligatiefonds,26.42
2026-03-13,Zwitserleven RZL Europa Aandelenfonds,55.97
2026-03-13,Zwitserleven RZL Vastgoedfonds,45.73
2026-03-13,Zwitserleven RZL Wereld Aandelenfonds,60.35
2026-03-13,Zwitserleven RendementsGarantie 1%,23.14
2026-03-13,Zwitserleven RendementsGarantie 2%,26.28
2026-03-13,Zwitserleven Selectie Fonds,40.15
2026-03-13,Zwitserleven Ultra Long Duration Fonds,22.96
2026-03-13,Zwitserleven VP Credits Hypothekenmix,9.97
2026-03-13,Zwitserleven VP Obligatie,8.78
2026-03-13,Zwitserleven VP Selectie,10.25
2026-03-13,Zwitserleven VP Wereld Aandelen,13.28
2026-03-13,Zwitserleven Vanguard Inflation Linked Bond Index Fund,25.41
2026-03-13,Zwitserleven Vanguard Small Cap Fund,26.53
2026-03-13,Zwitserleven Vastgoedfonds,25.05
2026-03-13,Zwitserleven Wereld Aandelenfonds,85.07
2026-03-13,Zwitser­leven Geldmarkt­fonds,25.24
2026-03-13,Zwitser­leven PPI Geldmarkt­fonds,50.47
2026-03-13,Zwitser­leven PPI Vanguard US 500 Stock Index Fund,49.19
2026-03-13,Zwitser­leven Vanguard US 500 Stock Index Fund,24.59
2026-03-16,ASN Duurzaam Aandelenfonds,192.5
2026-03-16,ASN Duurzaam Obligatiefonds,25.35
2026-03-16,ASN Milieu & Waterfonds,50.7
2026-03-16,Etappe Euro Aandelen­fonds,59.47
2026-03-16,Etappe Euro Obligatie­fonds,25.59
2026-03-16,Etappe Staatsobligaties 10+ Fonds,21.3
2026-03-16,Euro Aandelen­fonds,58.39
2026-03-16,Euro Mixfonds,38.35
2026-03-16,Euro Obligatiefonds,24.38
2026-03-16,Optimaal Euro Obligatiefonds,24.58
2026-03-16,Optimaal Staatsobligaties 10+ Fonds,21.47
2026-03-16,Optimaal Vastgoedfonds,34.66
2026-03-16,Optimaal Wereld Aandelenfonds,71.33
2026-03-16,Optimaalfonds Oranje,37.18
2026-03-16,PP Euro Aandelenfonds,62.53
2026-03-16,PP Euro Mixfonds,41.33
2026-03-16,PP Euro Obligatiefonds,25.46
2026-03-16,PP Optimaal Euro Mixfonds,40.47
2026-03-16,PP Wereld Aandelenfonds,75.17
2026-03-16,Wereld Beheer Mixfonds,38.31
2026-03-16,Zwitserleven Amerika Aandelenfonds,97.47
2026-03-16,Zwitserleven Credits Fonds,11.37
2026-03-16,Zwitserleven Credits Hypotheken Mixfonds,11.34
2026-03-16,Zwitserleven Duurzaam Wereld Aandelenfonds,36.52
2026-03-16,Zwitserleven Europees Aandelenfonds,36.82
2026-03-16,Zwitserleven Government Bonds 10+ Fonds,8.08
2026-03-16,Zwitserleven Index Aandelenfonds Europa,42.33
2026-03-16,Zwitserleven Index Aandelenfonds Noord-Amerika,48.65
2026-03-16,Zwitserleven Index Aandelenfonds Opkomende Landen,33.64
2026-03-16,Zwitserleven Index Aandelenfonds Pacific,37.93
2026-03-16,Zwitserleven Index Wereld Aandelenfonds,87.52
2026-03-16,Zwitserleven Kortlopend Obligatiefonds,6.06
2026-03-16,Zwitserleven Lifestyle Garantie,168.84
2026-03-16,Zwitserleven Long Duration Fonds,26.31
2026-03-16,Zwitserleven MaatschappijGarantie (2%),41.65
2026-03-16,Zwitserleven MaatschappijGarantie (3%),46.43
2026-03-16,Zwitserleven MaatschappijGarantie plus,53.52
2026-03-16,Zwitserleven Medium Duration Fonds,27.91
2026-03-16,Zwitserleven Mixfonds,57.72
2026-03-16,Zwitserleven Obligatiefonds,17.37
2026-03-16,Zwitserleven PPI Vanguard Inflation Linked Bond Index Fund,50.72
2026-03-16,Zwitserleven PPI Vanguard Small Cap Fund,53.24
2026-03-16,Zwitserleven PPI iShares Government Bond index Fund,49.74
2026-03-16,Zwitserleven PW Collectief Garantiefonds,19.8
2026-03-16,Zwitserleven PW Doorlopend Garantiefonds,13.27
2026-03-16,Zwitserleven PW Europees Beheer Fonds 3%,182.25
2026-03-16,Zwitserleven PW Europees Beheer Fonds 4%,184.13
2026-03-16,Zwitserleven PW Garandement,15.73
2026-03-16,Zwitserleven PW Garantie Plusfonds,17.88
2026-03-16,Zwitserleven PW Garantiefonds,13.15
2026-03-16,Zwitserleven PW Safetyfonds,109.42
2026-03-16,Zwitserleven PW Vastrentendfonds,19.32
2026-03-16,Zwitserleven PW Vastrentendfonds Nederland 3%,19.78
2026-03-16,Zwitserleven PW Vastrentendfonds Nederland 4%,19.78
2026-03-16,Zwitserleven PW Verzekerd Rendementfonds,14.75
2026-03-16,Zwitserleven PW Wereldbeheerfonds 3%,136.72
2026-03-16,Zwitserleven PW Wereldbeheerfonds 4%,137.95
2026-03-16,Zwitserleven RZL Amerika Aandelenfonds,88.86
2026-03-16,Zwitserleven RZL Azië Aandelenfonds,47.78
2026-03-16,Zwitserleven RZL Euro Kortlopend Obligatiefonds,19.95
2026-03-16,Zwitserleven RZL Euro Mixfonds,43.46
2026-03-16,Zwitserleven RZL Euro Obligatiefonds,26.38
2026-03-16,Zwitserleven RZL Europa Aandelenfonds,55.74
2026-03-16,Zwitserleven RZL Vastgoedfonds,45.82
2026-03-16,Zwitserleven RZL Wereld Aandelenfonds,60.23
2026-03-16,Zwitserleven RendementsGarantie 1%,23.14
2026-03-16,Zwitserleven RendementsGarantie 2%,26.28
2026-03-16,Zwitserleven Selectie Fonds,40.22
2026-03-16,Zwitserleven Ultra Long Duration Fonds,22.8
2026-03-16,Zwitserleven VP Credits Hypothekenmix,9.95
2026-03-16,Zwitserleven VP Obligatie,8.76
2026-03-16,Zwitserleven VP Selectie,10.24
2026-03-16,Zwitserleven VP Wereld Aandelen,13.26
2026-03-16,Zwitserleven Vanguard Inflation Linked Bond Index Fund,25.34
2026-03-16,Zwitserleven Vanguard Small Cap Fund,26.54
2026-03-16,Zwitserleven Vastgoedfonds,25.17
2026-03-16,Zwitserleven Wereld Aandelenfonds,85.07
2026-03-16,Zwitser­leven Geldmarkt­fonds,25.24
2026-03-16,Zwitser­leven PPI Geldmarkt­fonds,50.47
2026-03-16,Zwitser­leven PPI Vanguard US 500 Stock Index Fund,48.89
2026-03-16,Zwitser­leven Vanguard US 500 Stock Index Fund,24.44
2026-03-17,ASN Duurzaam Aandelenfonds,192.96
2026-03-17,ASN Duurzaam Obligatiefonds,25.38
2026-03-17,ASN Milieu & Waterfonds,50.77
2026-03-17,Etappe Euro Aandelen­fonds,59.69
2026-03-17,Etappe Euro Obligatie­fonds,25.63
2026-03-17,Etappe Staatsobligaties 10+ Fonds,21.39
2026-03-17,Euro Aandelen­fonds,58.6
2026-03-17,Euro Mixfonds,38.45
2026-03-17,Euro Obligatiefonds,24.43
2026-03-17,Optimaal Euro Obligatiefonds,24.63
2026-03-17,Optimaal Staatsobligaties 10+ Fonds,21.56
2026-03-17,Optimaal Vastgoedfonds,34.82
2026-03-17,Optimaal Wereld Aandelenfonds,71.57
2026-03-17,Optimaalfonds Oranje,37.27
2026-03-17,PP Euro Aandelenfonds,62.76
2026-03-17,PP Euro Mixfonds,41.44
2026-03-17,PP Euro Obligatiefonds,25.51
2026-03-17,PP Optimaal Euro Mixfonds,40.58
2026-03-17,PP Wereld Aandelenfonds,75.43
2026-03-17,Wereld Beheer Mixfonds,38.41
2026-03-17,Zwitserleven Amerika Aandelenfonds,97.93
2026-03-17,Zwitserleven Credits Fonds,11.39
2026-03-17,Zwitserleven Credits Hypotheken Mixfonds,11.34
2026-03-17,Zwitserleven Duurzaam Wereld Aandelenfonds,36.71
2026-03-17,Zwitserleven Europees Aandelenfonds,36.86
2026-03-17,Zwitserleven Government Bonds 10+ Fonds,8.11
2026-03-17,Zwitserleven Index Aandelenfonds Europa,42.44
2026-03-17,Zwitserleven Index Aandelenfonds Noord-Amerika,48.97
2026-03-17,Zwitserleven Index Aandelenfonds Opkomende Landen,33.65
2026-03-17,Zwitserleven Index Aandelenfonds Pacific,37.91
2026-03-17,Zwitserleven Index Wereld Aandelenfonds,87.9
2026-03-17,Zwitserleven Kortlopend Obligatiefonds,6.06
2026-03-17,Zwitserleven Lifestyle Garantie,168.88
2026-03-17,Zwitserleven Long Duration Fonds,26.42
2026-03-17,Zwitserleven MaatschappijGarantie (2%),41.66
2026-03-17,Zwitserleven MaatschappijGarantie (3%),46.44
2026-03-17,Zwitserleven MaatschappijGarantie plus,53.54
2026-03-17,Zwitserleven Medium Duration Fonds,27.97
2026-03-17,Zwitserleven Mixfonds,57.79
2026-03-17,Zwitserleven Obligatiefonds,17.39
2026-03-17,Zwitserleven PPI Vanguard Inflation Linked Bond Index Fund,50.96
2026-03-17,Zwitserleven PPI Vanguard Small Cap Fund,53.36
2026-03-17,Zwitserleven PPI iShares Government Bond index Fund,49.61
2026-03-17,Zwitserleven PW Collectief Garantiefonds,19.84
2026-03-17,Zwitserleven PW Doorlopend Garantiefonds,13.29
2026-03-17,Zwitserleven PW Europees Beheer Fonds 3%,182.73
2026-03-17,Zwitserleven PW Europees Beheer Fonds 4%,184.61
2026-03-17,Zwitserleven PW Garandement,15.75
2026-03-17,Zwitserleven PW Garantie Plusfonds,17.92
2026-03-17,Zwitserleven PW Garantiefonds,13.17
2026-03-17,Zwitserleven PW Safetyfonds,109.68
2026-03-17,Zwitserleven PW Vastrentendfonds,19.35
2026-03-17,Zwitserleven PW Vastrentendfonds Nederland 3%,19.82
2026-03-17,Zwitserleven PW Vastrentendfonds Nederland 4%,19.82
2026-03-17,Zwitserleven PW Verzekerd Rendementfonds,14.78
2026-03-17,Zwitserleven PW Wereldbeheerfonds 3%,137.07
2026-03-17,Zwitserleven PW Wereldbeheerfonds 4%,138.3
2026-03-17,Zwitserleven RZL Amerika Aandelenfonds,89.34
2026-03-17,Zwitserleven RZL Azië Aandelenfonds,47.54
2026-03-17,Zwitserleven RZL Euro Kortlopend Obligatiefonds,19.96
2026-03-17,Zwitserleven RZL Euro Mixfonds,43.58
2026-03-17,Zwitserleven RZL Euro Obligatiefonds,26.42
2026-03-17,Zwitserleven RZL Europa Aandelenfonds,55.94
2026-03-17,Zwitserleven RZL Vastgoedfonds,46.03
2026-03-17,Zwitserleven RZL Wereld Aandelenfonds,60.43
2026-03-17,Zwitserleven RendementsGarantie 1%,23.15
2026-03-17,Zwitserleven RendementsGarantie 2%,26.29
2026-03-17,Zwitserleven Selectie Fonds,40.25
2026-03-17,Zwitserleven Ultra Long Duration Fonds,22.94
2026-03-17,Zwitserleven VP Credits Hypothekenmix,9.96
2026-03-17,Zwitserleven VP Obligatie,8.78
2026-03-17,Zwitserleven VP Selectie,10.26
2026-03-17,Zwitserleven VP Wereld Aandelen,13.34
2026-03-17,Zwitserleven Vanguard Inflation Linked Bond Index Fund,25.45
2026-03-17,Zwitserleven Vanguard Small Cap Fund,26.6
2026-03-17,Zwitserleven Vastgoedfonds,25.29
2026-03-17,Zwitserleven Wereld Aandelenfonds,85.47
2026-03-17,Zwitser­leven Geldmarkt­fonds,25.24
2026-03-17,Zwitser­leven PPI Geldmarkt­fonds,50.48
2026-03-17,Zwitser­leven PPI Vanguard US 500 Stock Index Fund,49.39
2026-03-17,Zwitser­leven Vanguard US 500 Stock Index Fund,24.69
2026-03-18,ASN Duurzaam Aandelenfonds,194.32
2026-03-18,ASN Duurzaam Obligatiefonds,25.41
2026-03-18,ASN Milieu & Waterfonds,51.1
2026-03-18,Etappe Euro Aandelen­fonds,60.09
2026-03-18,Etappe Euro Obligatie­fonds,25.67
2026-03-18,Etappe Staatsobligaties 10+ Fonds,21.48
2026-03-18,Euro Aandelen­fonds,58.99
2026-03-18,Euro Mixfonds,38.6
2026-03-18,Euro Obligatiefonds,24.46
2026-03-18,Optimaal Euro Obligatiefonds,24.66
2026-03-18,Optimaal Staatsobligaties 10+ Fonds,21.64
2026-03-18,Optimaal Vastgoedfonds,34.95
2026-03-18,Optimaal Wereld Aandelenfonds,71.8
2026-03-18,Optimaalfonds Oranje,37.36
2026-03-18,PP Euro Aandelenfonds,63.18
2026-03-18,PP Euro Mixfonds,41.61
2026-03-18,PP Euro Obligatiefonds,25.54
2026-03-18,PP Optimaal Euro Mixfonds,40.74
2026-03-18,PP Wereld Aandelenfonds,75.68
2026-03-18,Wereld Beheer Mixfonds,38.5
2026-03-18,Zwitserleven Amerika Aandelenfonds,97.92
2026-03-18,Zwitserleven Credits Fonds,11.4
2026-03-18,Zwitserleven Credits Hypotheken Mixfonds,11.37
2026-03-18,Zwitserleven Duurzaam Wereld Aandelenfonds,36.9
2026-03-18,Zwitserleven Europees Aandelenfonds,37.2
2026-03-18,Zwitserleven Government Bonds 10+ Fonds,8.15
2026-03-18,Zwitserleven Index Aandelenfonds Europa,42.84
2026-03-18,Zwitserleven Index Aandelenfonds Noord-Amerika,49.0
2026-03-18,Zwitserleven Index Aandelenfonds Opkomende Landen,33.93
2026-03-18,Zwitserleven Index Aandelenfonds Pacific,38.58
2026-03-18,Zwitserleven Index Wereld Aandelenfonds,88.28
2026-03-18,Zwitserleven Kortlopend Obligatiefonds,6.06
2026-03-18,Zwitserleven Lifestyle Garantie,168.9
2026-03-18,Zwitserleven Long Duration Fonds,26.57
2026-03-18,Zwitserleven MaatschappijGarantie (2%),41.66
2026-03-18,Zwitserleven MaatschappijGarantie (3%),46.44
2026-03-18,Zwitserleven MaatschappijGarantie plus,53.55
2026-03-18,Zwitserleven Medium Duration Fonds,28.03
2026-03-18,Zwitserleven Mixfonds,58.11
2026-03-18,Zwitserleven Obligatiefonds,17.42
2026-03-18,Zwitserleven PPI Vanguard Inflation Linked Bond Index Fund,50.95
2026-03-18,Zwitserleven PPI Vanguard Small Cap Fund,53.62
2026-03-18,Zwitserleven PPI iShares Government Bond index Fund,49.78
2026-03-18,Zwitserleven PW Collectief Garantiefonds,19.89
2026-03-18,Zwitserleven PW Doorlopend Garantiefonds,13.31
2026-03-18,Zwitserleven PW Europees Beheer Fonds 3%,183.48
2026-03-18,Zwitserleven PW Europees Beheer Fonds 4%,185.37
2026-03-18,Zwitserleven PW Garandement,15.77
2026-03-18,Zwitserleven PW Garantie Plusfonds,17.97
2026-03-18,Zwitserleven PW Garantiefonds,13.2
2026-03-18,Zwitserleven PW Safetyfonds,110.04
2026-03-18,Zwitserleven PW Vastrentendfonds,19.38
2026-03-18,Zwitserleven PW Vastrentendfonds Nederland 3%,19.84
2026-03-18,Zwitserleven PW Vastrentendfonds Nederland 4%,19.84
2026-03-18,Zwitserleven PW Verzekerd Rendementfonds,14.82
2026-03-18,Zwitserleven PW Wereldbeheerfonds 3%,137.38
2026-03-18,Zwitserleven PW Wereldbeheerfonds 4%,138.61
2026-03-18,Zwitserleven RZL Amerika Aandelenfonds,89.26
2026-03-18,Zwitserleven RZL Azië Aandelenfonds,47.72
2026-03-18,Zwitserleven RZL Euro Kortlopend Obligatiefonds,19.97
2026-03-18,Zwitserleven RZL Euro Mixfonds,43.76
2026-03-18,Zwitserleven RZL Euro Obligatiefonds,26.46
2026-03-18,Zwitserleven RZL Europa Aandelenfonds,56.32
2026-03-18,Zwitserleven RZL Vastgoedfonds,46.2
2026-03-18,Zwitserleven RZL Wereld Aandelenfonds,60.63
2026-03-18,Zwitserleven RendementsGarantie 1%,23.15
2026-03-18,Zwitserleven RendementsGarantie 2%,26.29
2026-03-18,Zwitserleven Selectie Fonds,40.43
2026-03-18,Zwitserleven Ultra Long Duration Fonds,23.04
2026-03-18,Zwitserleven VP Credits Hypothekenmix,9.98
2026-03-18,Zwitserleven VP Obligatie,8.8
2026-03-18,Zwitserleven VP Selectie,10.29
2026-03-18,Zwitserleven VP Wereld Aandelen,13.38
2026-03-18,Zwitserleven Vanguard Inflation Linked Bond Index Fund,25.45
2026-03-18,Zwitserleven Vanguard Small Cap Fund,26.73
2026-03-18,Zwitserleven Vastgoedfonds,25.42
2026-03-18,Zwitserleven Wereld Aandelenfonds,85.8
2026-03-18,Zwitser­leven Geldmarkt­fonds,25.25
2026-03-18,Zwitser­leven PPI Geldmarkt­fonds,50.49
2026-03-18,Zwitser­leven PPI Vanguard US 500 Stock Index Fund,49.51
2026-03-18,Zwitser­leven Vanguard US 500 Stock Index Fund,24.75
2026-03-19,ASN Duurzaam Aandelenfonds,193.31
2026-03-19,ASN Duurzaam Obligatiefonds,25.36
2026-03-19,ASN Milieu & Waterfonds,50.75
2026-03-19,Etappe Euro Aandelen­fonds,59.62
2026-03-19,Etappe Euro Obligatie­fonds,25.62
2026-03-19,Etappe Staatsobligaties 10+ Fonds,21.43
2026-03-19,Euro Aandelen­fonds,58.54
2026-03-19,Euro Mixfonds,38.42
2026-03-19,Euro Obligatiefonds,24.42
2026-03-19,Optimaal Euro Obligatiefonds,24.62
2026-03-19,Optimaal Staatsobligaties 10+ Fonds,21.59
2026-03-19,Optimaal Vastgoedfonds,34.72
2026-03-19,Optimaal Wereld Aandelenfonds,71.36
2026-03-19,Optimaalfonds Oranje,37.22
2026-03-19,PP Euro Aandelenfonds,62.69
2026-03-19,PP Euro Mixfonds,41.41
2026-03-19,PP Euro Obligatiefonds,25.5
2026-03-19,PP Optimaal Euro Mixfonds,40.55
2026-03-19,PP Wereld Aandelenfonds,75.21
2026-03-19,Wereld Beheer Mixfonds,38.35
2026-03-19,Zwitserleven Amerika Aandelenfonds,96.49
2026-03-19,Zwitserleven Credits Fonds,11.39
2026-03-19,Zwitserleven Credits Hypotheken Mixfonds,11.36
2026-03-19,Zwitserleven Duurzaam Wereld Aandelenfonds,36.6
2026-03-19,Zwitserleven Europees Aandelenfonds,36.92
2026-03-19,Zwitserleven Government Bonds 10+ Fonds,8.13
2026-03-19,Zwitserleven Index Aandelenfonds Europa,42.48
2026-03-19,Zwitserleven Index Aandelenfonds Noord-Amerika,48.36
2026-03-19,Zwitserleven Index Aandelenfonds Opkomende Landen,34.63
2026-03-19,Zwitserleven Index Aandelenfonds Pacific,37.67
2026-03-19,Zwitserleven Index Wereld Aandelenfonds,87.97
2026-03-19,Zwitserleven Kortlopend Obligatiefonds,6.06
2026-03-19,Zwitserleven Lifestyle Garantie,168.91
2026-03-19,Zwitserleven Long Duration Fonds,26.62
2026-03-19,Zwitserleven MaatschappijGarantie (2%),41.66
2026-03-19,Zwitserleven MaatschappijGarantie (3%),46.45
2026-03-19,Zwitserleven MaatschappijGarantie plus,53.55
2026-03-19,Zwitserleven Medium Duration Fonds,27.97
2026-03-19,Zwitserleven Mixfonds,57.84
2026-03-19,Zwitserleven Obligatiefonds,17.39
2026-03-19,Zwitserleven PPI Vanguard Inflation Linked Bond Index Fund,50.92
2026-03-19,Zwitserleven PPI Vanguard Small Cap Fund,53.35
2026-03-19,Zwitserleven PPI iShares Government Bond index Fund,49.9
2026-03-19,Zwitserleven PW Collectief Garantiefonds,19.83
2026-03-19,Zwitserleven PW Doorlopend Garantiefonds,13.29
2026-03-19,Zwitserleven PW Europees Beheer Fonds 3%,182.6
2026-03-19,Zwitserleven PW Europees Beheer Fonds 4%,184.48
2026-03-19,Zwitserleven PW Garandement,15.75
2026-03-19,Zwitserleven PW Garantie Plusfonds,17.91
2026-03-19,Zwitserleven PW Garantiefonds,13.16
2026-03-19,Zwitserleven PW Safetyfonds,109.61
2026-03-19,Zwitserleven PW Vastrentendfonds,19.34
2026-03-19,Zwitserleven PW Vastrentendfonds Nederland 3%,19.81
2026-03-19,Zwitserleven PW Vastrentendfonds Nederland 4%,19.81
2026-03-19,Zwitserleven PW Verzekerd Rendementfonds,14.76
2026-03-19,Zwitserleven PW Wereldbeheerfonds 3%,136.85
2026-03-19,Zwitserleven PW Wereldbeheerfonds 4%,138.08
2026-03-19,Zwitserleven RZL Amerika Aandelenfonds,87.96
2026-03-19,Zwitserleven RZL Azië Aandelenfonds,48.46
2026-03-19,Zwitserleven RZL Euro Kortlopend Obligatiefonds,19.95
2026-03-19,Zwitserleven RZL Euro Mixfonds,43.55
2026-03-19,Zwitserleven RZL Euro Obligatiefonds,26.41
2026-03-19,Zwitserleven RZL Europa Aandelenfonds,55.88
2026-03-19,Zwitserleven RZL Vastgoedfonds,45.9
2026-03-19,Zwitserleven RZL Wereld Aandelenfonds,60.26
2026-03-19,Zwitserleven RendementsGarantie 1%,23.15
2026-03-19,Zwitserleven RendementsGarantie 2%,26.29
2026-03-19,Zwitserleven Selectie Fonds,40.13
2026-03-19,Zwitserleven Ultra Long Duration Fonds,23.32
2026-03-19,Zwitserleven VP Credits Hypothekenmix,9.97
2026-03-19,Zwitserleven VP Obligatie,8.78
2026-03-19,Zwitserleven VP Selectie,10.24
2026-03-19,Zwitserleven VP Wereld Aandelen,13.28
2026-03-19,Zwitserleven Vanguard Inflation Linked Bond Index Fund,25.43
2026-03-19,Zwitserleven Vanguard Small Cap Fund,26.6
2026-03-19,Zwitserleven Vastgoedfonds,25.06
2026-03-19,Zwitserleven Wereld Aandelenfonds,85.21
2026-03-19,Zwitser­leven Geldmarkt­fonds,25.25
2026-03-19,Zwitser­leven PPI Geldmarkt­fonds,50.49
2026-03-19,Zwitser­leven PPI Vanguard US 500 Stock Index Fund,48.82
2026-03-19,Zwitser­leven Vanguard US 500 Stock Index Fund,24.41
